{"cameraMode":{"drawMode":0,"name":"Shaded","section":"Shading Mode"},"sceneLighting":true,"audioPlay":false,"sceneViewState":{"m_AlwaysRefresh":false,"showFog":true,"showSkybox":true,"showFlares":true,"showImageEffects":true,"showParticleSystems":true,"showVisualEffectGraphs":true,"m_FxEnabled":true},"in2DMode":false,"pivot":{"x":1.4814704656600953,"y":-0.14454978704452516,"z":8.366016387939454},"rotation":{"x":0.07791077345609665,"y":0.016448991373181344,"z":-0.0012852789368480445,"w":0.9968258142471314},"size":7.809671878814697,"orthographic":false}