{"cameraMode":{"drawMode":0,"name":"Shaded","section":"Shading Mode"},"sceneLighting":false,"audioPlay":false,"sceneViewState":{"m_AlwaysRefresh":false,"showFog":true,"showSkybox":true,"showFlares":true,"showImageEffects":true,"showParticleSystems":true,"showVisualEffectGraphs":true,"m_FxEnabled":true},"in2DMode":false,"pivot":{"x":-1.6326333284378052,"y":2.414553165435791,"z":0.41676878929138186},"rotation":{"x":0.10331748425960541,"y":0.004476242233067751,"z":-0.00046306493459269404,"w":0.9946756362915039},"size":7.4551591873168949,"orthographic":false}