{"cameraMode":{"drawMode":0,"name":"Shaded","section":"Shading Mode"},"sceneLighting":true,"audioPlay":false,"sceneViewState":{"m_AlwaysRefresh":false,"showFog":true,"showSkybox":true,"showFlares":true,"showImageEffects":true,"showParticleSystems":true,"showVisualEffectGraphs":true,"m_FxEnabled":true},"in2DMode":false,"pivot":{"x":5.066038131713867,"y":3.500361442565918,"z":-2.772739887237549},"rotation":{"x":0.07671594619750977,"y":0.17466041445732118,"z":-0.013651186600327492,"w":0.981541633605957},"size":14.167610168457032,"orthographic":false}