{"cameraMode":{"drawMode":0,"name":"Shaded","section":"Shading Mode"},"sceneLighting":true,"audioPlay":false,"sceneViewState":{"m_AlwaysRefresh":false,"showFog":true,"showSkybox":true,"showFlares":true,"showImageEffects":true,"showParticleSystems":true,"showVisualEffectGraphs":true,"m_FxEnabled":false},"in2DMode":false,"pivot":{"x":-5.453261852264404,"y":-2.4238288402557375,"z":28.194082260131837},"rotation":{"x":-0.05543385446071625,"y":0.111192986369133,"z":-0.0062119304202497009,"w":-0.9922335743904114},"size":17.565309524536134,"orthographic":false}